strategy,param,N,WinRate,AvgR,TotalR,PF_R,AvgPts,AvgWinPts,AvgLossPts,TargetRate,StopRate,EODRate,AvgR_net1pt,PF_net1pt,AvgPts_net1pt,AvgR_net2pt,PF_net2pt,AvgPts_net2pt,positive_months,months_with_trades,worst_month_avgR,best_month_avgR,H1_AvgR,H2_AvgR
FAILED_BREAKOUT,OR15_BUF10pctMin2_WIN3m_1R,215,0.5348837209302325,0.0670425182053089,14.414141414141415,1.1441414141414141,2.641860465116279,33.78260869565217,-33.17,0.5302325581395348,0.46511627906976744,0.004651162790697674,0.019966681134138287,1.0410301621913232,1.6418604651162791,-0.027109155937032368,0.9466515000700993,0.641860465116279,5,12,-0.375,0.47368421052631576,0.1262135922330097,0.012626262626262628
FAILED_BREAKOUT,OR15_BUF10pctMin2_WIN5m_1R,215,0.5255813953488372,0.050480752966609053,10.853361887820947,1.107612604038059,2.953488372093023,37.123893805309734,-34.90196078431372,0.5162790697674419,0.46511627906976744,0.018604651162790697,0.00550096194054863,1.011214523294904,1.9534883720930232,-0.039478829085511785,0.9228846976430968,0.9534883720930233,4,12,-0.5,0.5789473684210527,0.07906930588802347,0.02418949447637973
FAILED_BREAKOUT,OR15_BUF10pctMin2_WIN10m_1R,215,0.5209302325581395,0.035412194397842225,7.613621795536079,1.074806215966965,3.2046511627906975,40.86607142857143,-37.74757281553398,0.5023255813953489,0.4697674418604651,0.027906976744186046,-0.008361983824790352,0.9830883186816324,2.2046511627906975,-0.052136162047422954,0.8988657963221512,1.2046511627906977,4,12,-0.625,0.5789473684210527,0.06703299431244224,0.006332351619236874
FAILED_BREAKOUT,OR15_BUF10pctMin2_WIN1m_1R,214,0.514018691588785,0.028037383177570093,6.0,1.0576923076923077,0.7850467289719626,28.71818181818182,-28.759615384615383,0.514018691588785,0.48598130841121495,0.0,-0.022998106656992492,0.9549873730308681,-0.21495327102803738,-0.07403359649155511,0.8618441194086359,-1.2149532710280373,6,12,-0.375,0.42857142857142855,0.058823529411764705,0.0
ORB,OR15_STOP0.5OR_2R,237,0.3459915611814346,0.026571095776958067,6.297349699139062,1.0414705923562,3.8164556962025316,97.86585365853658,-45.938709677419354,0.31645569620253167,0.6371308016877637,0.046413502109704644,0.00019717508222416908,1.000299609489736,2.8164556962025316,-0.026176745612509694,0.9612479090881698,1.8164556962025316,7,12,-0.42857142857142855,0.7863777089783281,0.09035962940628255,-0.03458154803297284
ORB,OR60_STOP1OR_2R,196,0.5051020408163265,0.01215374669222511,2.3821343516761218,1.0430932616261075,3.1530612244897958,83.31313131313131,-79.47916666666667,0.030612244897959183,0.15816326530612246,0.8112244897959183,0.004369401019799104,1.015275493296456,2.1530612244897958,-0.003414944652626903,0.9882277533924517,1.153061224489796,5,12,-0.3001012597412925,0.31891656446400085,0.10541431915035762,-0.08499268295166292
ORB,OR30_STOP1OR_2R,229,0.47161572052401746,0.005094596192332738,1.1666625280441971,1.0122801060241295,3.2620087336244543,106.61111111111111,-89.725,0.1091703056768559,0.32751091703056767,0.5633187772925764,-0.004814109558864543,0.9885483863285437,2.2620087336244543,-0.014722815310061827,0.9654319509035605,1.262008733624454,5,12,-0.20604711864796021,0.2948745710608963,0.01008950136111417,0.00031314850939666565
ORB,OR5_STOP0.5OR_2R,239,0.3389121338912134,-0.0019512298546503952,-0.46634393526144446,0.9970317792270692,2.294979079497908,76.4320987654321,-35.712025316455694,0.32217573221757323,0.6569037656903766,0.02092050209205021,-0.036380109763636134,0.9465417567782676,1.294979079497908,-0.07080898967262193,0.8993751478739979,0.29497907949790797,5,12,-0.2857142857142857,0.8108108108108107,0.015497270669684461,-0.018406726284104412
ORB,OR15_STOP1OR_2R,237,0.37130801687763715,-0.006246520805412763,-1.4804254308828249,0.9890431619913279,3.6160337552742616,132.5340909090909,-72.52348993288591,0.2320675105485232,0.5316455696202531,0.23628691983122363,-0.02073681412591227,0.9642143632914109,2.6160337552742616,-0.035227107446411755,0.9401799963553203,1.6160337552742616,4,12,-0.5265633964429146,0.6513370629877065,0.06313792022949001,-0.07276383617771624
ORB,OR60_STOP0.5OR_2R,196,0.4489795918367347,-0.01140799990913148,-2.23596798218977,0.9758860295893185,1.6479591836734695,83.20454545454545,-64.80555555555556,0.12244897959183673,0.4336734693877551,0.44387755102040816,-0.026082821304898765,0.9458352654795134,0.6479591836734694,-0.04075764270066596,0.9168347735636317,-0.3520408163265306,5,12,-0.3668228755171745,0.32228546225899946,0.1479783768044326,-0.17743547565242743
ORB,OR30_STOP0.5OR_2R,229,0.39737991266375544,-0.03445066009320402,-7.8892011613437205,0.9417478424136023,-0.5458515283842795,94.9010989010989,-63.48550724637681,0.21397379912663755,0.5851528384279476,0.20087336244541484,-0.052907904511204494,0.9121993943679345,-1.5458515283842795,-0.071365148929205,0.8837279620595546,-2.5458515283842793,5,12,-0.3555022406492774,0.3412332972192127,0.08637074855035728,-0.15010876067507467
ORB,OR5_STOP1OR_2R,239,0.3305439330543933,-0.040163787336994376,-9.599145173541656,0.9370358330287422,-1.7698744769874477,118.43037974683544,-61.11875,0.2719665271966527,0.6150627615062761,0.11297071129707113,-0.05927202772635806,0.908899671060643,-2.7698744769874475,-0.0783802681157218,0.8818442603737632,-3.7698744769874475,3,12,-0.42857142857142855,0.7167936918799732,-0.024400051363569895,-0.05503040012493943
VWAP_MR,Z2.5_STOP_Z3.5_TARGET_VWAP,92,0.34782608695652173,0.21490350312816653,19.77112228779132,1.333930712012422,4.498084693297207,58.79940508928678,-24.46261951789723,0.2391304347826087,0.6413043478260869,0.11956521739130435,0.12358559224963529,1.1719568140550907,3.498084693297207,0.032267681371104015,1.0405938635450738,2.498084693297207,8,12,-1.0,1.7306036359035772,0.025536168496817054,0.40427083775951617
VWAP_MR,Z1.5_STOP_Z2.5_TARGET_VWAP,232,0.3232758620689655,0.123960485234509,28.75883257440609,1.1831772775439877,2.024105478600224,51.45678248455108,-21.590230670739356,0.3232758620689655,0.6767241379310345,0.0,0.012347884719447252,1.016035888882874,1.024105478600224,-0.09926471579561452,0.885018067800599,0.02410547860022391,7,12,-0.5087552032217135,1.3604217821625377,-0.0640455552241215,0.29943278966256415
VWAP_MR,Z2_STOP_Z3_TARGET_VWAP,198,0.24242424242424243,-0.19236167681175034,-38.087612008726566,0.7418549735407001,0.4072644196279211,70.39694340093085,-21.989432854389015,0.20202020202020202,0.7373737373737373,0.06060606060606061,-0.2522250969481495,0.6829571024619179,-0.592735580372079,-0.31208851708454866,0.631075400582397,-1.5927355803720789,3,12,-1.0,0.524385252672077,-0.10218534841908843,-0.280734478636559
VWAP_MR,Z3_STOP_Z4_TARGET_VWAP,9,0.2222222222222222,-0.4897445165064693,-4.407700648558223,0.37032847877739666,-6.1746480334372285,59.5,-24.938833185847866,0.0,0.7777777777777778,0.2222222222222222,-0.5387327794019267,0.34369253128357613,-7.1746480334372285,-0.587721042297384,0.31971277550410515,-8.17464803343723,2,6,-1.0,1.407352444004396,-0.5630106185125239,-0.398161888998901
